epoch,train_quality,val_quality,train_ratio,val_ratio
0,0.9989804154709305,0.9997513006244017,0.9989804154709305,0.9997513006244017
