epoch,train_ratio,val_ratio
0,0.655524180981535,0.6550381408651907
1,0.6555246061476062,0.6550381261860164
2,0.6555244689964007,0.655038136581517
