epoch,train_ratio,val_ratio
0,0.6555239820088572,0.6550376767062817
1,0.6555240655878244,0.6550378865441718
2,0.6555240884635771,0.6550378598510386
