epoch,train_quality,val_quality,train_ratio,val_ratio
0,0.990501814909401,0.9904071861342248,0.990501814909401,0.9904071861342248
