epoch,train_ratio,val_ratio
0,0.6555240087958313,0.6550375850509412
1,0.6555240141237945,0.6550377196171259
2,0.6555240420321217,0.6550377451934007
