epoch,train_ratio,val_ratio
0,0.6555242949733444,0.6550383562663694
1,0.6555248585703898,0.6550383660482529
2,0.6555247169314837,0.6550384063177049
