epoch,train_ratio,val_ratio
0,0.6555238806492497,0.655037503227391
1,0.6555240241395867,0.6550377178768428
2,0.6555241187522478,0.6550376394836283
