epoch,train_ratio,val_ratio
0,0.6555241035995227,0.6550379361628046
1,0.6555242794126569,0.655037768467521
2,0.6555242175365111,0.6550378590286097
