epoch,train_quality,val_quality,train_ratio,val_ratio
0,0.9921550532826062,0.9920509055950006,0.9921550532826062,0.9920509055950006
