epoch,train_quality,val_quality,train_ratio,val_ratio
0,0.9581352534350575,0.9531666919706256,0.9581352534350575,0.9531666919706256
