epoch,train_quality,val_quality,train_ratio,val_ratio
0,0.9775272398618098,0.9725149508051519,0.9775272398618098,0.9725149508051519
