epoch,train_quality,val_quality,train_ratio,val_ratio
0,0.976949733548779,0.9769540565165231,0.976949733548779,0.9769540565165231
