epoch,train_quality,val_quality,train_ratio,val_ratio
0,0.9362180379780795,0.9310146016901092,0.9362180379780795,0.9310146016901092
