epoch,train_quality,val_quality,train_ratio,val_ratio
0,0.8840292616942532,0.8786136640764087,0.8840292616942532,0.8786136640764087
