epoch,train_quality,val_quality,train_ratio,val_ratio
0,0.3027312723333196,0.3020564153703009,0.3027312723333196,0.3020564153703009
