epoch,train_quality,val_quality,train_ratio,val_ratio
0,0.3028545955468302,0.3021794984020268,0.3028545955468302,0.3021794984020268
