epoch,train_quality,val_quality,train_ratio,val_ratio
0,0.3028583537372261,0.30218347966231707,0.3028583537372261,0.302183479662317
