epoch,train_quality,val_quality,train_ratio,val_ratio
0,0.3028234565473879,0.30214860158689405,0.3028234565473879,0.30214860158689405
