epoch,train_quality,val_quality,train_ratio,val_ratio
0,0.3027250060458445,0.30204991791397945,0.3027250060458445,0.30204991791397934
