epoch,train_quality,val_quality,train_ratio,val_ratio
0,0.3013019431645163,0.3006243891627539,0.3013019431645163,0.30062438916275386
