epoch,train_quality,val_quality,train_ratio,val_ratio
0,0.21788447816589804,0.21788688420381086,0.21788447816589804,0.2178868842038109
