epoch,train_quality,val_quality,train_ratio,val_ratio
0,0.21417215387226038,0.21417224192393025,0.21417215387226038,0.21417224192393025
