epoch,train_ratio,val_ratio
0,1.4949066099645153e-08,1.5664418632493522e-08
1,1.6083772433340114e-08,1.6827162371359703e-08
2,1.7271046965316825e-08,1.80544188508297e-08
