epoch,train_quality,val_quality,train_ratio,val_ratio
0,0.2287829724753728,0.22877922372716056,0.22878297247537274,0.22877922372716056
