epoch,train_quality,val_quality,train_ratio,val_ratio
0,0.16368749457919624,0.16369536594446366,0.16368749457919624,0.16369536594446368
