epoch,train_quality,val_quality,train_ratio,val_ratio
0,0.16631436158543977,0.166291190349156,0.16631436158543975,0.166291190349156
