epoch,train_quality,val_quality,train_ratio,val_ratio
0,0.002576291909544342,0.002633742186081293,0.002576291909544331,0.002633742186081286
