epoch,train_ratio,val_ratio
0,2.220157801651782e-08,2.533826675819613e-08
1,2.7629726940255807e-08,3.117394501817883e-08
2,3.266053373376152e-08,3.584535589129083e-08
