epoch,train_ratio,val_ratio
0,1.4459596414168122e-08,1.4995017806762852e-08
1,1.5288954654198976e-08,1.5824867980022015e-08
2,1.6041499336077492e-08,1.644355780690798e-08
