epoch,train_ratio,val_ratio
0,3.433092675450676e-07,4.0530211834509416e-07
1,4.866845750797273e-07,5.992622891315471e-07
2,6.931905757732079e-07,7.906954482636512e-07
