epoch,train_quality,val_quality,train_ratio,val_ratio
0,0.01726381249905126,0.01726406985100946,0.017263812499051245,0.017264069851009447
