epoch,train_quality,val_quality,train_ratio,val_ratio
0,0.022490224431449834,0.022491132708634527,0.022490224431449834,0.022491132708634506
