epoch,train_quality,val_quality,train_ratio,val_ratio
0,0.02753667862589186,0.02753712993808503,0.02753667862589187,0.027537129938085034
