epoch,train_quality,val_quality,train_ratio,val_ratio
0,0.007297799432283286,0.007297768101310775,0.007297799432283284,0.007297768101310765
