epoch,train_ratio,val_ratio
0,4.2235425211765953e-07,6.61333454484281e-07
1,7.645672993313286e-07,1.0084170510916594e-06
2,1.2756067978336912e-06,1.693248461482135e-06
