epoch,train_ratio,val_ratio
0,3.4549364277699665e-07,4.12335887373962e-07
1,5.168443107844378e-07,6.842152937041378e-07
2,7.442850493491211e-07,8.487963717649317e-07
