epoch,train_quality,val_quality,train_ratio,val_ratio
0,0.022485314876692485,0.02248622367898412,0.022485314876692485,0.02248622367898409
