epoch,train_quality,val_quality,train_ratio,val_ratio
0,0.022477731432830453,0.022478640254523896,0.022477731432830456,0.022478640254523924
