epoch,train_ratio,val_ratio
0,8.258539288204405e-07,1.1081969537633254e-06
1,1.74658097997489e-06,3.5709743410397985e-06
2,5.437578723711626e-06,5.103439549695165e-06
