epoch,train_quality,val_quality,train_ratio,val_ratio
0,0.36299547435383156,0.36318873330862145,0.36299547435383156,0.36318873330862145
