epoch,train_quality,val_quality,train_ratio,val_ratio
0,0.36301618015909537,0.3632094684840219,0.36301618015909537,0.3632094684840219
