epoch,train_quality,val_quality,train_ratio,val_ratio
0,0.3625532553279694,0.36274641082173825,0.3625532553279694,0.3627464108217382
