epoch,train_quality,val_quality,train_ratio,val_ratio
0,0.36287122057769383,0.3630645022913293,0.3628712205776938,0.36306450229132925
