epoch,train_quality,val_quality,train_ratio,val_ratio
0,0.36286638090119144,0.3630597345328969,0.36286638090119144,0.3630597345328969
