epoch,train_quality,val_quality,train_ratio,val_ratio
0,0.36297286200432827,0.3631661294208431,0.36297286200432827,0.3631661294208431
