epoch,train_quality,val_quality,train_ratio,val_ratio
0,0.5134748724527672,0.5133724163609076,0.5134748724527672,0.5133724163609076
