epoch,train_quality,val_quality,train_ratio,val_ratio
0,0.5134940195719299,0.513391454682136,0.5134940195719297,0.513391454682136
