epoch,train_quality,val_quality,train_ratio,val_ratio
0,0.5135052904796575,0.5134026609309221,0.5135052904796575,0.5134026609309222
