epoch,train_quality,val_quality,train_ratio,val_ratio
0,0.5131086770653938,0.5130063746143511,0.5131086770653938,0.5130063746143511
