epoch,train_quality,val_quality,train_ratio,val_ratio
0,0.5129596625820749,0.5128571265004588,0.5129596625820749,0.5128571265004588
