epoch,train_quality,val_quality,train_ratio,val_ratio
0,0.5121276344294778,0.5120252727398636,0.5121276344294778,0.5120252727398636
