epoch,train_quality,val_quality,train_ratio,val_ratio
0,0.3815780659621731,0.38179149484774705,0.3815780659621731,0.38179149484774705
