epoch,train_quality,val_quality,train_ratio,val_ratio
0,0.38160270377248207,0.3818161157380023,0.3816027037724821,0.3818161157380023
