epoch,train_quality,val_quality,train_ratio,val_ratio
0,0.38150125642615845,0.3817145908474979,0.38150125642615845,0.38171459084749787
