epoch,train_quality,val_quality,train_ratio,val_ratio
0,0.3814978423641651,0.3817114582948528,0.38149784236416523,0.3817114582948527
