epoch,train_quality,val_quality,train_ratio,val_ratio
0,0.381570102584148,0.38178354309182766,0.381570102584148,0.38178354309182755
