epoch,train_quality,val_quality,train_ratio,val_ratio
0,0.38166427294425503,0.38187763716244505,0.38166427294425503,0.38187763716244505
